{
    "inc": 9120,
    "age": 45,
    "rev": 0.766126609,
    "debt": 0.802982129,
    "dep": 2,
    "cred": 13,
    "estate": 6,
    "lowdue": 2,
    "middue": 0,
    "highdue": 0
}